"Minimum","25th percentile","Median","75th percentile","Maximum","Mean","Std. Deviation"
"INCOME",1,50.0199920063936,90.0111097397076,180.005555384098,6380.00015673981,167.025680666629,291.213003524405
"CONSUMPTION TOTAL",1,50.0199920063936,100.0099990002,200.004999875006,5374.00018608112,169.081834658041,222.246546800919
"DISCRETIONARY CONSUMPTION",1,4.23606797749979,20.0498756211209,52.0192236625154,1820.00054945038,53.3549350266367,106.05722937203
"FLEXIBLE CONSUMPTION",1,12.0827625302982,40.0249843945008,100.0099990002,1820.00054945038,89.575029304005,144.055915493954
