"Minimum","25th percentile","Median","75th percentile","Maximum","Mean","Std. Deviation"
"INCOME",1,31,56,103,3191,94.0353526398739,148.490415758906
"CONSUMPTION TOTAL",1,33,61,120,2708,100.491523049645,124.909885677854
"DISCRETIONARY CONSUMPTION",1,3,11,27,911,27.5398680063042,53.0934640328255
